fetched_at_utc,fetched_at_jst,date_jst,time_jst,full,half,quarter,total,source_updated_utc,source,general,sponsor
2026-07-12T14:59:59+00:00,2026-07-12T23:59:59+09:00,2026-07-12,23:59:59,11,4,0,15,,export,15,0
2026-07-13T14:59:59+00:00,2026-07-13T23:59:59+09:00,2026-07-13,23:59:59,26,16,6,48,,export,47,1
2026-07-14T14:59:59+00:00,2026-07-14T23:59:59+09:00,2026-07-14,23:59:59,31,24,7,62,,export,61,1
2026-07-15T14:59:59+00:00,2026-07-15T23:59:59+09:00,2026-07-15,23:59:59,35,25,9,69,,export,68,1
2026-07-16T14:59:59+00:00,2026-07-16T23:59:59+09:00,2026-07-16,23:59:59,40,30,13,83,,export,82,1
2026-07-17T14:59:59+00:00,2026-07-17T23:59:59+09:00,2026-07-17,23:59:59,46,40,16,102,,export,101,1
2026-07-18T14:59:59+00:00,2026-07-18T23:59:59+09:00,2026-07-18,23:59:59,50,40,16,106,,export,105,1
2026-07-19T14:59:59+00:00,2026-07-19T23:59:59+09:00,2026-07-19,23:59:59,52,41,17,110,,export,109,1
2026-07-19T15:34:50.247963+00:00,2026-07-20T00:34:50.247963+09:00,2026-07-20,00:34:50,52,41,17,110,,webscorer,109,1
2026-07-19T18:46:24.647801+00:00,2026-07-20T03:46:24.647801+09:00,2026-07-20,03:46:24,52,41,17,110,,webscorer,109,1
2026-07-19T21:37:17.646619+00:00,2026-07-20T06:37:17.646619+09:00,2026-07-20,06:37:17,52,41,17,110,,webscorer,109,1
2026-07-20T01:39:57.593221+00:00,2026-07-20T10:39:57.593221+09:00,2026-07-20,10:39:57,53,44,17,114,2026-07-20T01:39:55.681Z,wix,,
2026-07-20T01:46:58.739172+00:00,2026-07-20T10:46:58.739172+09:00,2026-07-20,10:46:58,53,44,17,114,,webscorer,113,1
2026-07-20T07:34:06.550649+00:00,2026-07-20T16:34:06.550649+09:00,2026-07-20,16:34:06,53,47,17,117,,webscorer,116,1
2026-07-20T12:03:10.195736+00:00,2026-07-20T21:03:10.195736+09:00,2026-07-20,21:03:10,55,53,17,125,,webscorer,124,1
2026-07-20T12:56:10.580042+00:00,2026-07-20T21:56:10.580042+09:00,2026-07-20,21:56:10,55,53,17,125,,webscorer,124,1
2026-07-20T13:00:42.652145+00:00,2026-07-20T22:00:42.652145+09:00,2026-07-20,22:00:42,55,53,17,125,,webscorer,124,1
2026-07-20T13:30:33.961520+00:00,2026-07-20T22:30:33.961520+09:00,2026-07-20,22:30:33,55,53,17,125,,webscorer,124,1
2026-07-20T14:00:41.813060+00:00,2026-07-20T23:00:41.813060+09:00,2026-07-20,23:00:41,55,53,17,125,,webscorer,124,1
2026-07-20T14:30:39.231658+00:00,2026-07-20T23:30:39.231658+09:00,2026-07-20,23:30:39,55,53,17,125,,webscorer,124,1
2026-07-20T15:00:47.462153+00:00,2026-07-21T00:00:47.462153+09:00,2026-07-21,00:00:47,56,53,17,126,,webscorer,125,1
2026-07-20T15:30:33.622663+00:00,2026-07-21T00:30:33.622663+09:00,2026-07-21,00:30:33,56,53,17,126,,webscorer,125,1
2026-07-20T16:00:41.650914+00:00,2026-07-21T01:00:41.650914+09:00,2026-07-21,01:00:41,56,53,17,126,,webscorer,125,1
2026-07-20T16:30:33.308110+00:00,2026-07-21T01:30:33.308110+09:00,2026-07-21,01:30:33,56,53,17,126,,webscorer,125,1
2026-07-20T17:00:42.982195+00:00,2026-07-21T02:00:42.982195+09:00,2026-07-21,02:00:42,56,53,17,126,,webscorer,125,1
2026-07-20T17:30:34.074189+00:00,2026-07-21T02:30:34.074189+09:00,2026-07-21,02:30:34,56,53,17,126,,webscorer,125,1
2026-07-20T18:00:45.243890+00:00,2026-07-21T03:00:45.243890+09:00,2026-07-21,03:00:45,56,53,17,126,,webscorer,125,1
2026-07-20T18:30:35.146463+00:00,2026-07-21T03:30:35.146463+09:00,2026-07-21,03:30:35,56,53,17,126,,webscorer,125,1
2026-07-20T19:00:43.203946+00:00,2026-07-21T04:00:43.203946+09:00,2026-07-21,04:00:43,56,53,17,126,,webscorer,125,1
2026-07-20T19:11:43.690071+00:00,2026-07-21T04:11:43.690071+09:00,2026-07-21,04:11:43,56,53,17,126,,webscorer,125,1
2026-07-20T19:30:34.965056+00:00,2026-07-21T04:30:34.965056+09:00,2026-07-21,04:30:34,56,53,17,126,,webscorer,125,1
2026-07-20T20:00:39.810222+00:00,2026-07-21T05:00:39.810222+09:00,2026-07-21,05:00:39,56,53,17,126,,webscorer,125,1
2026-07-20T20:30:32.082414+00:00,2026-07-21T05:30:32.082414+09:00,2026-07-21,05:30:32,56,53,17,126,,webscorer,125,1
2026-07-20T21:00:41.880962+00:00,2026-07-21T06:00:41.880962+09:00,2026-07-21,06:00:41,56,53,17,126,,webscorer,125,1
2026-07-20T21:30:31.557558+00:00,2026-07-21T06:30:31.557558+09:00,2026-07-21,06:30:31,56,53,17,126,,webscorer,125,1
2026-07-20T22:00:40.669711+00:00,2026-07-21T07:00:40.669711+09:00,2026-07-21,07:00:40,56,53,17,126,,webscorer,125,1
2026-07-20T22:30:31.709159+00:00,2026-07-21T07:30:31.709159+09:00,2026-07-21,07:30:31,56,53,17,126,,webscorer,125,1
2026-07-20T22:40:59.709933+00:00,2026-07-21T07:40:59.709933+09:00,2026-07-21,07:40:59,56,53,17,126,,webscorer,125,1
2026-07-20T23:00:37.825060+00:00,2026-07-21T08:00:37.825060+09:00,2026-07-21,08:00:37,56,53,17,126,,webscorer,125,1
2026-07-20T23:30:32.631192+00:00,2026-07-21T08:30:32.631192+09:00,2026-07-21,08:30:32,56,53,17,126,,webscorer,125,1
2026-07-21T00:00:44.596602+00:00,2026-07-21T09:00:44.596602+09:00,2026-07-21,09:00:44,56,53,17,126,,webscorer,125,1
2026-07-21T00:30:33.975530+00:00,2026-07-21T09:30:33.975530+09:00,2026-07-21,09:30:33,56,53,17,126,,webscorer,125,1
2026-07-21T01:00:50.612432+00:00,2026-07-21T10:00:50.612432+09:00,2026-07-21,10:00:50,56,53,17,126,,webscorer,125,1
2026-07-21T01:30:31.445392+00:00,2026-07-21T10:30:31.445392+09:00,2026-07-21,10:30:31,56,53,17,126,,webscorer,125,1
2026-07-21T02:00:39.833587+00:00,2026-07-21T11:00:39.833587+09:00,2026-07-21,11:00:39,56,54,17,127,,webscorer,126,1
2026-07-21T02:30:32.958673+00:00,2026-07-21T11:30:32.958673+09:00,2026-07-21,11:30:32,56,57,17,130,,webscorer,129,1
2026-07-21T03:00:40.848771+00:00,2026-07-21T12:00:40.848771+09:00,2026-07-21,12:00:40,56,58,17,131,,webscorer,130,1
2026-07-21T03:30:43.239271+00:00,2026-07-21T12:30:43.239271+09:00,2026-07-21,12:30:43,56,59,17,132,,webscorer,131,1
2026-07-21T04:00:40.593046+00:00,2026-07-21T13:00:40.593046+09:00,2026-07-21,13:00:40,56,59,17,132,,webscorer,131,1
2026-07-21T04:30:41.941335+00:00,2026-07-21T13:30:41.941335+09:00,2026-07-21,13:30:41,56,59,17,132,,webscorer,131,1
2026-07-21T05:00:41.418520+00:00,2026-07-21T14:00:41.418520+09:00,2026-07-21,14:00:41,56,59,17,132,,webscorer,131,1
2026-07-21T05:30:43.662601+00:00,2026-07-21T14:30:43.662601+09:00,2026-07-21,14:30:43,58,60,17,135,,webscorer,134,1
2026-07-21T06:00:52.567350+00:00,2026-07-21T15:00:52.567350+09:00,2026-07-21,15:00:52,59,60,17,136,,webscorer,135,1
2026-07-21T06:30:32.366564+00:00,2026-07-21T15:30:32.366564+09:00,2026-07-21,15:30:32,59,61,17,137,,webscorer,136,1
2026-07-21T07:00:42.268827+00:00,2026-07-21T16:00:42.268827+09:00,2026-07-21,16:00:42,59,61,17,137,,webscorer,136,1
2026-07-21T07:30:33.432028+00:00,2026-07-21T16:30:33.432028+09:00,2026-07-21,16:30:33,59,61,17,137,,webscorer,136,1
2026-07-21T07:56:51.974014+00:00,2026-07-21T16:56:51.974014+09:00,2026-07-21,16:56:51,59,61,17,137,,webscorer,136,1
2026-07-21T08:00:41.633612+00:00,2026-07-21T17:00:41.633612+09:00,2026-07-21,17:00:41,59,62,17,138,,webscorer,137,1
2026-07-21T08:30:34.234201+00:00,2026-07-21T17:30:34.234201+09:00,2026-07-21,17:30:34,59,62,17,138,,webscorer,137,1
2026-07-21T09:00:41.635049+00:00,2026-07-21T18:00:41.635049+09:00,2026-07-21,18:00:41,60,62,17,139,,webscorer,138,1
2026-07-21T09:30:34.450342+00:00,2026-07-21T18:30:34.450342+09:00,2026-07-21,18:30:34,60,63,17,140,,webscorer,139,1
2026-07-21T10:00:42.218245+00:00,2026-07-21T19:00:42.218245+09:00,2026-07-21,19:00:42,60,63,17,140,,webscorer,139,1
2026-07-21T10:30:34.300044+00:00,2026-07-21T19:30:34.300044+09:00,2026-07-21,19:30:34,60,63,17,140,,webscorer,139,1
2026-07-21T11:00:42.716243+00:00,2026-07-21T20:00:42.716243+09:00,2026-07-21,20:00:42,60,63,17,140,,webscorer,139,1
2026-07-21T11:30:31.917349+00:00,2026-07-21T20:30:31.917349+09:00,2026-07-21,20:30:31,60,63,17,140,,webscorer,139,1
2026-07-21T12:00:44.645910+00:00,2026-07-21T21:00:44.645910+09:00,2026-07-21,21:00:44,60,63,17,140,,webscorer,139,1
2026-07-21T12:30:33.995364+00:00,2026-07-21T21:30:33.995364+09:00,2026-07-21,21:30:33,60,63,17,140,,webscorer,139,1
2026-07-21T13:00:46.243789+00:00,2026-07-21T22:00:46.243789+09:00,2026-07-21,22:00:46,60,63,17,140,,webscorer,139,1
2026-07-21T13:05:10.601103+00:00,2026-07-21T22:05:10.601103+09:00,2026-07-21,22:05:10,60,63,17,140,,webscorer,139,1
2026-07-21T13:30:46.802719+00:00,2026-07-21T22:30:46.802719+09:00,2026-07-21,22:30:46,60,63,17,140,,webscorer,139,1
2026-07-21T14:00:45.384940+00:00,2026-07-21T23:00:45.384940+09:00,2026-07-21,23:00:45,61,63,17,141,,webscorer,140,1
2026-07-21T14:30:36.703953+00:00,2026-07-21T23:30:36.703953+09:00,2026-07-21,23:30:36,61,64,17,142,,webscorer,141,1
2026-07-21T15:00:48.236834+00:00,2026-07-22T00:00:48.236834+09:00,2026-07-22,00:00:48,61,64,17,142,,webscorer,141,1
2026-07-21T15:30:34.948403+00:00,2026-07-22T00:30:34.948403+09:00,2026-07-22,00:30:34,61,64,17,142,,webscorer,141,1
2026-07-21T16:00:42.682481+00:00,2026-07-22T01:00:42.682481+09:00,2026-07-22,01:00:42,61,64,17,142,,webscorer,141,1
2026-07-21T16:30:34.762440+00:00,2026-07-22T01:30:34.762440+09:00,2026-07-22,01:30:34,61,64,17,142,,webscorer,141,1
2026-07-21T17:00:45.982816+00:00,2026-07-22T02:00:45.982816+09:00,2026-07-22,02:00:45,61,64,17,142,,webscorer,141,1
2026-07-21T17:30:33.718689+00:00,2026-07-22T02:30:33.718689+09:00,2026-07-22,02:30:33,61,64,17,142,,webscorer,141,1
2026-07-21T18:00:41.576214+00:00,2026-07-22T03:00:41.576214+09:00,2026-07-22,03:00:41,61,64,17,142,,webscorer,141,1
2026-07-21T18:01:30.846628+00:00,2026-07-22T03:01:30.846628+09:00,2026-07-22,03:01:30,61,64,17,142,,webscorer,141,1
2026-07-21T18:30:53.569342+00:00,2026-07-22T03:30:53.569342+09:00,2026-07-22,03:30:53,61,64,17,142,,webscorer,141,1
2026-07-21T19:00:43.344037+00:00,2026-07-22T04:00:43.344037+09:00,2026-07-22,04:00:43,61,64,17,142,,webscorer,141,1
2026-07-21T19:30:35.240335+00:00,2026-07-22T04:30:35.240335+09:00,2026-07-22,04:30:35,61,64,17,142,,webscorer,141,1
2026-07-21T20:00:41.558047+00:00,2026-07-22T05:00:41.558047+09:00,2026-07-22,05:00:41,61,64,17,142,,webscorer,141,1
2026-07-21T20:30:33.290337+00:00,2026-07-22T05:30:33.290337+09:00,2026-07-22,05:30:33,61,64,17,142,,webscorer,141,1
2026-07-21T21:00:42.487689+00:00,2026-07-22T06:00:42.487689+09:00,2026-07-22,06:00:42,61,64,17,142,,webscorer,141,1
2026-07-21T21:30:31.720537+00:00,2026-07-22T06:30:31.720537+09:00,2026-07-22,06:30:31,61,64,17,142,,webscorer,141,1
2026-07-21T22:00:40.159581+00:00,2026-07-22T07:00:40.159581+09:00,2026-07-22,07:00:40,61,64,17,142,,webscorer,141,1
2026-07-21T22:10:54.621685+00:00,2026-07-22T07:10:54.621685+09:00,2026-07-22,07:10:54,62,64,17,143,,webscorer,142,1
2026-07-21T22:30:32.492267+00:00,2026-07-22T07:30:32.492267+09:00,2026-07-22,07:30:32,62,64,17,143,,webscorer,142,1
2026-07-21T23:00:41.221670+00:00,2026-07-22T08:00:41.221670+09:00,2026-07-22,08:00:41,62,64,17,143,,webscorer,142,1
2026-07-21T23:30:32.440051+00:00,2026-07-22T08:30:32.440051+09:00,2026-07-22,08:30:32,62,64,17,143,,webscorer,142,1
2026-07-22T00:00:46.628173+00:00,2026-07-22T09:00:46.628173+09:00,2026-07-22,09:00:46,62,64,17,143,,webscorer,142,1
2026-07-22T00:30:33.301434+00:00,2026-07-22T09:30:33.301434+09:00,2026-07-22,09:30:33,62,64,17,143,,webscorer,142,1
2026-07-22T01:00:40.928927+00:00,2026-07-22T10:00:40.928927+09:00,2026-07-22,10:00:40,62,64,17,143,,webscorer,142,1
2026-07-22T01:30:30.137006+00:00,2026-07-22T10:30:30.137006+09:00,2026-07-22,10:30:30,63,64,17,144,,webscorer,143,1
2026-07-22T02:00:38.424026+00:00,2026-07-22T11:00:38.424026+09:00,2026-07-22,11:00:38,63,64,17,144,,webscorer,143,1
2026-07-22T02:30:33.462973+00:00,2026-07-22T11:30:33.462973+09:00,2026-07-22,11:30:33,63,64,17,144,,webscorer,143,1
2026-07-22T03:00:44.215690+00:00,2026-07-22T12:00:44.215690+09:00,2026-07-22,12:00:44,63,64,17,144,,webscorer,143,1
2026-07-22T03:30:32.849093+00:00,2026-07-22T12:30:32.849093+09:00,2026-07-22,12:30:32,63,64,17,144,,webscorer,143,1
2026-07-22T04:00:41.177742+00:00,2026-07-22T13:00:41.177742+09:00,2026-07-22,13:00:41,63,64,17,144,,webscorer,143,1
2026-07-22T04:30:32.601092+00:00,2026-07-22T13:30:32.601092+09:00,2026-07-22,13:30:32,63,65,17,145,,webscorer,144,1
2026-07-22T05:00:40.838793+00:00,2026-07-22T14:00:40.838793+09:00,2026-07-22,14:00:40,63,66,21,150,,webscorer,149,1
2026-07-22T05:30:31.974723+00:00,2026-07-22T14:30:31.974723+09:00,2026-07-22,14:30:31,63,70,21,154,,webscorer,153,1
2026-07-22T06:00:40.656467+00:00,2026-07-22T15:00:40.656467+09:00,2026-07-22,15:00:40,64,71,21,156,,webscorer,155,1
2026-07-22T06:30:33.643675+00:00,2026-07-22T15:30:33.643675+09:00,2026-07-22,15:30:33,65,73,21,159,,webscorer,158,1
2026-07-22T07:00:41.371395+00:00,2026-07-22T16:00:41.371395+09:00,2026-07-22,16:00:41,65,73,21,159,,webscorer,158,1
2026-07-22T07:30:33.648054+00:00,2026-07-22T16:30:33.648054+09:00,2026-07-22,16:30:33,65,74,21,160,,webscorer,159,1
2026-07-22T07:44:05.007345+00:00,2026-07-22T16:44:05.007345+09:00,2026-07-22,16:44:05,65,74,21,160,,webscorer,159,1
2026-07-22T08:00:41.547714+00:00,2026-07-22T17:00:41.547714+09:00,2026-07-22,17:00:41,65,74,21,160,,webscorer,159,1
2026-07-22T08:30:31.578091+00:00,2026-07-22T17:30:31.578091+09:00,2026-07-22,17:30:31,65,74,21,160,,webscorer,159,1
2026-07-22T09:00:42.479780+00:00,2026-07-22T18:00:42.479780+09:00,2026-07-22,18:00:42,65,74,21,160,,webscorer,159,1
2026-07-22T09:30:33.257263+00:00,2026-07-22T18:30:33.257263+09:00,2026-07-22,18:30:33,65,74,21,160,,webscorer,159,1
2026-07-22T10:00:43.265694+00:00,2026-07-22T19:00:43.265694+09:00,2026-07-22,19:00:43,65,75,21,161,,webscorer,160,1
2026-07-22T10:30:33.527067+00:00,2026-07-22T19:30:33.527067+09:00,2026-07-22,19:30:33,65,75,21,161,,webscorer,160,1
2026-07-22T11:00:43.357421+00:00,2026-07-22T20:00:43.357421+09:00,2026-07-22,20:00:43,65,76,21,162,,webscorer,161,1
2026-07-22T11:30:33.765023+00:00,2026-07-22T20:30:33.765023+09:00,2026-07-22,20:30:33,65,76,21,162,,webscorer,161,1
2026-07-22T12:00:42.801465+00:00,2026-07-22T21:00:42.801465+09:00,2026-07-22,21:00:42,65,76,21,162,,webscorer,161,1
2026-07-22T12:30:33.868442+00:00,2026-07-22T21:30:33.868442+09:00,2026-07-22,21:30:33,65,76,21,162,,webscorer,161,1
2026-07-22T13:00:44.508564+00:00,2026-07-22T22:00:44.508564+09:00,2026-07-22,22:00:44,65,76,21,162,,webscorer,161,1
2026-07-22T13:11:27.529905+00:00,2026-07-22T22:11:27.529905+09:00,2026-07-22,22:11:27,65,76,21,162,,webscorer,161,1
2026-07-22T13:30:33.583424+00:00,2026-07-22T22:30:33.583424+09:00,2026-07-22,22:30:33,65,76,21,162,,webscorer,161,1
2026-07-22T14:00:42.245528+00:00,2026-07-22T23:00:42.245528+09:00,2026-07-22,23:00:42,65,76,21,162,,webscorer,161,1
2026-07-22T14:30:34.677428+00:00,2026-07-22T23:30:34.677428+09:00,2026-07-22,23:30:34,65,76,21,162,,webscorer,161,1
2026-07-22T15:00:54.796413+00:00,2026-07-23T00:00:54.796413+09:00,2026-07-23,00:00:54,65,76,21,162,,webscorer,161,1
2026-07-22T15:30:36.144722+00:00,2026-07-23T00:30:36.144722+09:00,2026-07-23,00:30:36,65,76,21,162,,webscorer,161,1
2026-07-22T16:00:42.308784+00:00,2026-07-23T01:00:42.308784+09:00,2026-07-23,01:00:42,65,76,21,162,,webscorer,161,1
2026-07-22T16:30:35.453309+00:00,2026-07-23T01:30:35.453309+09:00,2026-07-23,01:30:35,65,76,21,162,,webscorer,161,1
2026-07-22T17:00:43.266204+00:00,2026-07-23T02:00:43.266204+09:00,2026-07-23,02:00:43,65,76,21,162,,webscorer,161,1
2026-07-22T17:30:34.829175+00:00,2026-07-23T02:30:34.829175+09:00,2026-07-23,02:30:34,65,76,21,162,,webscorer,161,1
2026-07-22T17:52:24.228322+00:00,2026-07-23T02:52:24.228322+09:00,2026-07-23,02:52:24,65,76,21,162,,webscorer,161,1
2026-07-22T18:00:40.706507+00:00,2026-07-23T03:00:40.706507+09:00,2026-07-23,03:00:40,65,76,21,162,,webscorer,161,1
2026-07-22T18:30:34.766805+00:00,2026-07-23T03:30:34.766805+09:00,2026-07-23,03:30:34,65,76,21,162,,webscorer,161,1
2026-07-22T19:00:42.676282+00:00,2026-07-23T04:00:42.676282+09:00,2026-07-23,04:00:42,65,76,21,162,,webscorer,161,1
2026-07-22T19:30:34.148181+00:00,2026-07-23T04:30:34.148181+09:00,2026-07-23,04:30:34,65,76,21,162,,webscorer,161,1
2026-07-22T20:00:41.610667+00:00,2026-07-23T05:00:41.610667+09:00,2026-07-23,05:00:41,65,76,21,162,,webscorer,161,1
2026-07-22T20:30:33.260778+00:00,2026-07-23T05:30:33.260778+09:00,2026-07-23,05:30:33,65,76,21,162,,webscorer,161,1
2026-07-22T21:05:43.294035+00:00,2026-07-23T06:05:43.294035+09:00,2026-07-23,06:05:43,65,77,21,163,,webscorer,162,1
2026-07-22T21:30:32.040663+00:00,2026-07-23T06:30:32.040663+09:00,2026-07-23,06:30:32,65,77,21,163,,webscorer,162,1
2026-07-22T21:43:17.078473+00:00,2026-07-23T06:43:17.078473+09:00,2026-07-23,06:43:17,65,78,21,164,,webscorer,163,1
2026-07-22T22:00:40.035816+00:00,2026-07-23T07:00:40.035816+09:00,2026-07-23,07:00:40,65,78,21,164,,webscorer,163,1
2026-07-22T22:30:34.330878+00:00,2026-07-23T07:30:34.330878+09:00,2026-07-23,07:30:34,65,78,21,164,,webscorer,163,1
2026-07-22T23:00:40.598462+00:00,2026-07-23T08:00:40.598462+09:00,2026-07-23,08:00:40,65,79,21,165,,webscorer,164,1
2026-07-22T23:30:32.320243+00:00,2026-07-23T08:30:32.320243+09:00,2026-07-23,08:30:32,65,79,21,165,,webscorer,164,1
2026-07-23T00:00:43.135084+00:00,2026-07-23T09:00:43.135084+09:00,2026-07-23,09:00:43,65,79,21,165,,webscorer,164,1
2026-07-23T00:30:42.823169+00:00,2026-07-23T09:30:42.823169+09:00,2026-07-23,09:30:42,65,82,21,168,,webscorer,167,1
2026-07-23T01:00:40.883906+00:00,2026-07-23T10:00:40.883906+09:00,2026-07-23,10:00:40,67,84,21,172,,webscorer,171,1
2026-07-23T01:30:31.393679+00:00,2026-07-23T10:30:31.393679+09:00,2026-07-23,10:30:31,70,84,22,176,,webscorer,175,1
2026-07-23T02:00:38.628602+00:00,2026-07-23T11:00:38.628602+09:00,2026-07-23,11:00:38,71,84,22,177,,webscorer,176,1
2026-07-23T02:30:34.396177+00:00,2026-07-23T11:30:34.396177+09:00,2026-07-23,11:30:34,71,85,22,178,,webscorer,177,1
2026-07-23T03:00:42.359569+00:00,2026-07-23T12:00:42.359569+09:00,2026-07-23,12:00:42,71,85,22,178,,webscorer,177,1
2026-07-23T03:30:32.390123+00:00,2026-07-23T12:30:32.390123+09:00,2026-07-23,12:30:32,71,85,22,178,,webscorer,177,1
2026-07-23T04:00:50.751206+00:00,2026-07-23T13:00:50.751206+09:00,2026-07-23,13:00:50,71,85,22,178,,webscorer,177,1
2026-07-23T04:30:31.664415+00:00,2026-07-23T13:30:31.664415+09:00,2026-07-23,13:30:31,71,85,22,178,,webscorer,177,1
2026-07-23T05:00:40.766016+00:00,2026-07-23T14:00:40.766016+09:00,2026-07-23,14:00:40,71,85,22,178,,webscorer,177,1
2026-07-23T05:30:33.194274+00:00,2026-07-23T14:30:33.194274+09:00,2026-07-23,14:30:33,71,87,22,180,,webscorer,179,1
2026-07-23T06:00:51.838708+00:00,2026-07-23T15:00:51.838708+09:00,2026-07-23,15:00:51,71,87,22,180,,webscorer,179,1
2026-07-23T06:30:42.404438+00:00,2026-07-23T15:30:42.404438+09:00,2026-07-23,15:30:42,71,87,22,180,,webscorer,179,1
2026-07-23T07:00:42.593970+00:00,2026-07-23T16:00:42.593970+09:00,2026-07-23,16:00:42,71,87,22,180,,webscorer,179,1
2026-07-23T07:30:32.996176+00:00,2026-07-23T16:30:32.996176+09:00,2026-07-23,16:30:32,71,87,22,180,,webscorer,179,1
2026-07-23T07:44:17.088083+00:00,2026-07-23T16:44:17.088083+09:00,2026-07-23,16:44:17,71,87,22,180,,webscorer,179,1
2026-07-23T08:00:59.281865+00:00,2026-07-23T17:00:59.281865+09:00,2026-07-23,17:00:59,71,87,22,180,,webscorer,179,1
2026-07-23T08:30:34.574213+00:00,2026-07-23T17:30:34.574213+09:00,2026-07-23,17:30:34,71,87,22,180,,webscorer,179,1
2026-07-23T09:00:44.953536+00:00,2026-07-23T18:00:44.953536+09:00,2026-07-23,18:00:44,71,88,22,181,,webscorer,179,2
2026-07-23T09:30:36.229214+00:00,2026-07-23T18:30:36.229214+09:00,2026-07-23,18:30:36,71,88,22,181,,webscorer,179,2
2026-07-23T10:00:43.287208+00:00,2026-07-23T19:00:43.287208+09:00,2026-07-23,19:00:43,71,88,22,181,,webscorer,179,2
2026-07-23T10:30:35.781203+00:00,2026-07-23T19:30:35.781203+09:00,2026-07-23,19:30:35,71,88,22,181,,webscorer,179,2
2026-07-23T11:00:43.919309+00:00,2026-07-23T20:00:43.919309+09:00,2026-07-23,20:00:43,71,88,22,181,,webscorer,179,2
2026-07-23T11:30:34.859094+00:00,2026-07-23T20:30:34.859094+09:00,2026-07-23,20:30:34,71,88,22,181,,webscorer,179,2
2026-07-23T12:00:43.439929+00:00,2026-07-23T21:00:43.439929+09:00,2026-07-23,21:00:43,71,88,22,181,,webscorer,179,2
2026-07-23T12:30:32.894547+00:00,2026-07-23T21:30:32.894547+09:00,2026-07-23,21:30:32,71,88,22,181,,webscorer,179,2
2026-07-23T13:00:44.481418+00:00,2026-07-23T22:00:44.481418+09:00,2026-07-23,22:00:44,71,89,22,182,,webscorer,180,2
2026-07-23T13:14:14.707360+00:00,2026-07-23T22:14:14.707360+09:00,2026-07-23,22:14:14,71,89,22,182,,webscorer,180,2
2026-07-23T13:30:34.725051+00:00,2026-07-23T22:30:34.725051+09:00,2026-07-23,22:30:34,71,89,22,182,,webscorer,180,2
2026-07-23T14:00:44.760434+00:00,2026-07-23T23:00:44.760434+09:00,2026-07-23,23:00:44,71,89,22,182,,webscorer,180,2
2026-07-23T14:30:35.084848+00:00,2026-07-23T23:30:35.084848+09:00,2026-07-23,23:30:35,71,89,22,182,,webscorer,180,2
2026-07-23T15:00:43.443979+00:00,2026-07-24T00:00:43.443979+09:00,2026-07-24,00:00:43,71,89,22,182,,webscorer,180,2
2026-07-23T15:30:35.130295+00:00,2026-07-24T00:30:35.130295+09:00,2026-07-24,00:30:35,71,89,22,182,,webscorer,180,2
2026-07-23T16:00:44.644283+00:00,2026-07-24T01:00:44.644283+09:00,2026-07-24,01:00:44,71,89,22,182,,webscorer,180,2
2026-07-23T16:30:36.772242+00:00,2026-07-24T01:30:36.772242+09:00,2026-07-24,01:30:36,71,89,22,182,,webscorer,180,2
2026-07-23T17:00:43.618974+00:00,2026-07-24T02:00:43.618974+09:00,2026-07-24,02:00:43,71,89,22,182,,webscorer,180,2
2026-07-23T17:30:35.356665+00:00,2026-07-24T02:30:35.356665+09:00,2026-07-24,02:30:35,71,89,22,182,,webscorer,180,2
2026-07-23T18:00:43.122601+00:00,2026-07-24T03:00:43.122601+09:00,2026-07-24,03:00:43,71,89,22,182,,webscorer,180,2
2026-07-23T18:02:33.125523+00:00,2026-07-24T03:02:33.125523+09:00,2026-07-24,03:02:33,71,89,22,182,,webscorer,180,2
2026-07-23T18:30:39.982507+00:00,2026-07-24T03:30:39.982507+09:00,2026-07-24,03:30:39,71,89,22,182,,webscorer,180,2
2026-07-23T19:00:44.814391+00:00,2026-07-24T04:00:44.814391+09:00,2026-07-24,04:00:44,71,89,22,182,,webscorer,180,2
2026-07-23T19:30:43.442854+00:00,2026-07-24T04:30:43.442854+09:00,2026-07-24,04:30:43,71,89,22,182,,webscorer,180,2
2026-07-23T20:00:41.680393+00:00,2026-07-24T05:00:41.680393+09:00,2026-07-24,05:00:41,71,89,22,182,,webscorer,180,2
2026-07-23T20:30:33.153051+00:00,2026-07-24T05:30:33.153051+09:00,2026-07-24,05:30:33,71,89,22,182,,webscorer,180,2
2026-07-23T21:00:52.695321+00:00,2026-07-24T06:00:52.695321+09:00,2026-07-24,06:00:52,71,89,22,182,,webscorer,180,2
2026-07-23T21:30:34.440118+00:00,2026-07-24T06:30:34.440118+09:00,2026-07-24,06:30:34,71,89,22,182,,webscorer,180,2
2026-07-23T22:00:40.236661+00:00,2026-07-24T07:00:40.236661+09:00,2026-07-24,07:00:40,71,89,22,182,,webscorer,180,2
2026-07-23T22:13:57.390024+00:00,2026-07-24T07:13:57.390024+09:00,2026-07-24,07:13:57,71,89,22,182,,webscorer,180,2
2026-07-23T22:30:42.853281+00:00,2026-07-24T07:30:42.853281+09:00,2026-07-24,07:30:42,71,89,22,182,,webscorer,180,2
2026-07-23T23:00:41.073548+00:00,2026-07-24T08:00:41.073548+09:00,2026-07-24,08:00:41,72,95,23,190,,webscorer,180,10
2026-07-23T23:30:33.638888+00:00,2026-07-24T08:30:33.638888+09:00,2026-07-24,08:30:33,72,95,24,191,,webscorer,180,11
2026-07-24T00:00:42.050622+00:00,2026-07-24T09:00:42.050622+09:00,2026-07-24,09:00:42,72,96,24,192,,webscorer,180,12
2026-07-24T00:30:33.397513+00:00,2026-07-24T09:30:33.397513+09:00,2026-07-24,09:30:33,72,97,24,193,,webscorer,181,12
2026-07-24T01:00:40.750616+00:00,2026-07-24T10:00:40.750616+09:00,2026-07-24,10:00:40,72,97,24,193,,webscorer,181,12
2026-07-24T01:30:33.607603+00:00,2026-07-24T10:30:33.607603+09:00,2026-07-24,10:30:33,72,97,24,193,,webscorer,181,12
2026-07-24T02:00:39.593544+00:00,2026-07-24T11:00:39.593544+09:00,2026-07-24,11:00:39,72,98,24,194,,webscorer,181,13
2026-07-24T02:30:34.113178+00:00,2026-07-24T11:30:34.113178+09:00,2026-07-24,11:30:34,72,98,24,194,,webscorer,181,13
2026-07-24T03:00:41.994135+00:00,2026-07-24T12:00:41.994135+09:00,2026-07-24,12:00:41,72,98,24,194,,webscorer,181,13
2026-07-24T03:30:33.513080+00:00,2026-07-24T12:30:33.513080+09:00,2026-07-24,12:30:33,72,98,24,194,,webscorer,181,13
2026-07-24T04:00:40.291702+00:00,2026-07-24T13:00:40.291702+09:00,2026-07-24,13:00:40,72,99,24,195,,webscorer,181,14
2026-07-24T04:30:42.518466+00:00,2026-07-24T13:30:42.518466+09:00,2026-07-24,13:30:42,73,99,24,196,,webscorer,182,14
2026-07-24T05:00:41.633594+00:00,2026-07-24T14:00:41.633594+09:00,2026-07-24,14:00:41,73,99,24,196,,webscorer,182,14
2026-07-24T05:30:34.367094+00:00,2026-07-24T14:30:34.367094+09:00,2026-07-24,14:30:34,73,100,24,197,,webscorer,183,14
2026-07-24T06:00:40.581928+00:00,2026-07-24T15:00:40.581928+09:00,2026-07-24,15:00:40,73,100,24,197,,webscorer,183,14
2026-07-24T06:30:33.360588+00:00,2026-07-24T15:30:33.360588+09:00,2026-07-24,15:30:33,73,100,24,197,,webscorer,183,14
2026-07-24T07:00:40.979687+00:00,2026-07-24T16:00:40.979687+09:00,2026-07-24,16:00:40,73,100,26,199,,webscorer,185,14
2026-07-24T07:30:34.139541+00:00,2026-07-24T16:30:34.139541+09:00,2026-07-24,16:30:34,73,100,26,199,,webscorer,185,14
2026-07-24T07:43:02.081577+00:00,2026-07-24T16:43:02.081577+09:00,2026-07-24,16:43:02,73,100,26,199,,webscorer,185,14
2026-07-24T08:00:45.915117+00:00,2026-07-24T17:00:45.915117+09:00,2026-07-24,17:00:45,73,100,26,199,,webscorer,185,14
2026-07-24T08:30:34.921442+00:00,2026-07-24T17:30:34.921442+09:00,2026-07-24,17:30:34,73,100,26,199,,webscorer,185,14
2026-07-24T09:00:42.721904+00:00,2026-07-24T18:00:42.721904+09:00,2026-07-24,18:00:42,73,100,26,199,,webscorer,185,14
2026-07-24T09:30:34.828186+00:00,2026-07-24T18:30:34.828186+09:00,2026-07-24,18:30:34,73,100,27,200,,webscorer,186,14
2026-07-24T10:00:44.312168+00:00,2026-07-24T19:00:44.312168+09:00,2026-07-24,19:00:44,73,100,27,200,,webscorer,186,14
2026-07-24T10:30:33.815799+00:00,2026-07-24T19:30:33.815799+09:00,2026-07-24,19:30:33,73,100,27,200,,webscorer,186,14
2026-07-24T11:01:20.187603+00:00,2026-07-24T20:01:20.187603+09:00,2026-07-24,20:01:20,73,100,27,200,,webscorer,186,14
2026-07-24T11:30:33.058844+00:00,2026-07-24T20:30:33.058844+09:00,2026-07-24,20:30:33,73,100,27,200,,webscorer,186,14
2026-07-24T12:00:48.495542+00:00,2026-07-24T21:00:48.495542+09:00,2026-07-24,21:00:48,73,100,27,200,,webscorer,186,14
2026-07-24T12:30:33.174347+00:00,2026-07-24T21:30:33.174347+09:00,2026-07-24,21:30:33,73,100,27,200,,webscorer,186,14
2026-07-24T13:00:48.171730+00:00,2026-07-24T22:00:48.171730+09:00,2026-07-24,22:00:48,74,100,29,203,,webscorer,189,14
2026-07-24T13:06:00.410074+00:00,2026-07-24T22:06:00.410074+09:00,2026-07-24,22:06:00,74,100,29,203,,webscorer,189,14
2026-07-24T13:30:33.290377+00:00,2026-07-24T22:30:33.290377+09:00,2026-07-24,22:30:33,74,100,30,204,,webscorer,190,14
2026-07-24T14:00:41.996557+00:00,2026-07-24T23:00:41.996557+09:00,2026-07-24,23:00:41,74,100,30,204,,webscorer,190,14
2026-07-24T14:30:35.438817+00:00,2026-07-24T23:30:35.438817+09:00,2026-07-24,23:30:35,74,100,30,204,,webscorer,190,14
2026-07-24T15:00:43.924211+00:00,2026-07-25T00:00:43.924211+09:00,2026-07-25,00:00:43,74,100,30,204,,webscorer,190,14
2026-07-24T15:30:32.352580+00:00,2026-07-25T00:30:32.352580+09:00,2026-07-25,00:30:32,74,100,30,204,,webscorer,190,14
2026-07-24T16:00:50.814737+00:00,2026-07-25T01:00:50.814737+09:00,2026-07-25,01:00:50,74,100,30,204,,webscorer,190,14
2026-07-24T16:36:07.067694+00:00,2026-07-25T01:36:07.067694+09:00,2026-07-25,01:36:07,74,100,30,204,,webscorer,190,14
2026-07-24T17:00:42.605013+00:00,2026-07-25T02:00:42.605013+09:00,2026-07-25,02:00:42,74,100,30,204,,webscorer,190,14
2026-07-24T17:30:33.513091+00:00,2026-07-25T02:30:33.513091+09:00,2026-07-25,02:30:33,74,100,30,204,,webscorer,190,14
2026-07-24T18:00:43.500944+00:00,2026-07-25T03:00:43.500944+09:00,2026-07-25,03:00:43,74,100,30,204,,webscorer,190,14
2026-07-24T18:07:40.933239+00:00,2026-07-25T03:07:40.933239+09:00,2026-07-25,03:07:40,74,100,30,204,,webscorer,190,14
2026-07-24T18:30:35.065363+00:00,2026-07-25T03:30:35.065363+09:00,2026-07-25,03:30:35,74,100,30,204,,webscorer,190,14
2026-07-24T19:00:43.013648+00:00,2026-07-25T04:00:43.013648+09:00,2026-07-25,04:00:43,74,100,30,204,,webscorer,190,14
2026-07-24T19:30:32.643827+00:00,2026-07-25T04:30:32.643827+09:00,2026-07-25,04:30:32,74,100,30,204,,webscorer,190,14
2026-07-24T20:00:42.579561+00:00,2026-07-25T05:00:42.579561+09:00,2026-07-25,05:00:42,74,100,30,204,,webscorer,190,14
2026-07-24T20:30:32.216212+00:00,2026-07-25T05:30:32.216212+09:00,2026-07-25,05:30:32,74,100,30,204,,webscorer,190,14
2026-07-24T21:00:38.841124+00:00,2026-07-25T06:00:38.841124+09:00,2026-07-25,06:00:38,74,100,30,204,,webscorer,190,14
2026-07-24T21:30:33.019511+00:00,2026-07-25T06:30:33.019511+09:00,2026-07-25,06:30:33,74,100,30,204,,webscorer,190,14
2026-07-24T22:00:39.688837+00:00,2026-07-25T07:00:39.688837+09:00,2026-07-25,07:00:39,74,100,30,204,,webscorer,190,14
2026-07-24T22:32:08.324967+00:00,2026-07-25T07:32:08.324967+09:00,2026-07-25,07:32:08,74,100,30,204,,webscorer,190,14
2026-07-24T22:33:35.845076+00:00,2026-07-25T07:33:35.845076+09:00,2026-07-25,07:33:35,74,100,30,204,,webscorer,190,14
2026-07-24T23:02:14.761960+00:00,2026-07-25T08:02:14.761960+09:00,2026-07-25,08:02:14,74,100,30,204,,webscorer,190,14
2026-07-24T23:30:30.903002+00:00,2026-07-25T08:30:30.903002+09:00,2026-07-25,08:30:30,74,100,30,204,,webscorer,190,14
2026-07-25T00:02:24.360528+00:00,2026-07-25T09:02:24.360528+09:00,2026-07-25,09:02:24,74,100,30,204,,webscorer,190,14
2026-07-25T00:30:32.532642+00:00,2026-07-25T09:30:32.532642+09:00,2026-07-25,09:30:32,74,100,30,204,,webscorer,190,14
2026-07-25T01:02:42.507154+00:00,2026-07-25T10:02:42.507154+09:00,2026-07-25,10:02:42,74,100,30,204,,webscorer,190,14
2026-07-25T01:30:31.352519+00:00,2026-07-25T10:30:31.352519+09:00,2026-07-25,10:30:31,74,100,30,204,,webscorer,190,14
2026-07-25T02:00:37.973085+00:00,2026-07-25T11:00:37.973085+09:00,2026-07-25,11:00:37,74,100,31,205,,webscorer,191,14
2026-07-25T02:30:32.376766+00:00,2026-07-25T11:30:32.376766+09:00,2026-07-25,11:30:32,74,100,32,206,,webscorer,192,14
2026-07-25T03:00:39.714710+00:00,2026-07-25T12:00:39.714710+09:00,2026-07-25,12:00:39,74,100,32,206,,webscorer,192,14
2026-07-25T03:30:33.178358+00:00,2026-07-25T12:30:33.178358+09:00,2026-07-25,12:30:33,74,100,32,206,,webscorer,192,14
2026-07-25T04:02:14.520072+00:00,2026-07-25T13:02:14.520072+09:00,2026-07-25,13:02:14,74,100,32,206,,webscorer,192,14
2026-07-25T04:32:07.946807+00:00,2026-07-25T13:32:07.946807+09:00,2026-07-25,13:32:07,75,100,32,207,,webscorer,193,14
2026-07-25T05:02:05.659966+00:00,2026-07-25T14:02:05.659966+09:00,2026-07-25,14:02:05,75,100,32,207,,webscorer,193,14
2026-07-25T05:30:33.459190+00:00,2026-07-25T14:30:33.459190+09:00,2026-07-25,14:30:33,75,100,32,207,,webscorer,193,14
2026-07-25T06:02:31.709457+00:00,2026-07-25T15:02:31.709457+09:00,2026-07-25,15:02:31,75,100,32,207,,webscorer,193,14
2026-07-25T06:35:52.698011+00:00,2026-07-25T15:35:52.698011+09:00,2026-07-25,15:35:52,76,100,32,208,,webscorer,194,14
2026-07-25T07:00:42.502175+00:00,2026-07-25T16:00:42.502175+09:00,2026-07-25,16:00:42,76,100,32,208,,webscorer,194,14
2026-07-25T07:28:55.926333+00:00,2026-07-25T16:28:55.926333+09:00,2026-07-25,16:28:55,76,100,32,208,,webscorer,194,14
2026-07-25T07:30:30.459050+00:00,2026-07-25T16:30:30.459050+09:00,2026-07-25,16:30:30,76,100,32,208,,webscorer,194,14
2026-07-25T08:00:38.352410+00:00,2026-07-25T17:00:38.352410+09:00,2026-07-25,17:00:38,77,100,32,209,,webscorer,195,14
2026-07-25T08:32:02.663785+00:00,2026-07-25T17:32:02.663785+09:00,2026-07-25,17:32:02,77,100,32,209,,webscorer,195,14
2026-07-25T09:03:40.986551+00:00,2026-07-25T18:03:40.986551+09:00,2026-07-25,18:03:40,77,100,32,209,,webscorer,195,14
2026-07-25T09:31:42.533518+00:00,2026-07-25T18:31:42.533518+09:00,2026-07-25,18:31:42,77,100,32,209,,webscorer,195,14
2026-07-25T10:02:36.372659+00:00,2026-07-25T19:02:36.372659+09:00,2026-07-25,19:02:36,77,100,32,209,,webscorer,195,14
2026-07-25T10:30:31.642970+00:00,2026-07-25T19:30:31.642970+09:00,2026-07-25,19:30:31,77,100,32,209,,webscorer,195,14
2026-07-25T11:02:32.821785+00:00,2026-07-25T20:02:32.821785+09:00,2026-07-25,20:02:32,78,100,32,210,,webscorer,196,14
2026-07-25T11:30:31.177512+00:00,2026-07-25T20:30:31.177512+09:00,2026-07-25,20:30:31,78,100,32,210,,webscorer,196,14
2026-07-25T11:48:15.208794+00:00,2026-07-25T20:48:15.208794+09:00,2026-07-25,20:48:15,78,100,32,210,,webscorer,196,14
2026-07-25T12:02:16.706565+00:00,2026-07-25T21:02:16.706565+09:00,2026-07-25,21:02:16,78,100,32,210,,webscorer,196,14
2026-07-25T13:00:45.597608+00:00,2026-07-25T22:00:45.597608+09:00,2026-07-25,22:00:45,78,100,32,210,,webscorer,196,14
2026-07-25T13:30:32.567802+00:00,2026-07-25T22:30:32.567802+09:00,2026-07-25,22:30:32,78,100,32,210,,webscorer,196,14
2026-07-25T14:00:43.375350+00:00,2026-07-25T23:00:43.375350+09:00,2026-07-25,23:00:43,78,100,32,210,,webscorer,196,14
2026-07-25T14:30:31.860460+00:00,2026-07-25T23:30:31.860460+09:00,2026-07-25,23:30:31,78,100,32,210,,webscorer,196,14
2026-07-25T15:01:24.689177+00:00,2026-07-26T00:01:24.689177+09:00,2026-07-26,00:01:24,78,100,33,211,,webscorer,197,14
2026-07-25T15:32:28.255467+00:00,2026-07-26T00:32:28.255467+09:00,2026-07-26,00:32:28,78,100,33,211,,webscorer,197,14
2026-07-25T15:47:06.665301+00:00,2026-07-26T00:47:06.665301+09:00,2026-07-26,00:47:06,78,100,33,211,,webscorer,197,14
2026-07-25T16:02:02.874395+00:00,2026-07-26T01:02:02.874395+09:00,2026-07-26,01:02:02,79,100,33,212,,webscorer,198,14
2026-07-25T16:30:34.537523+00:00,2026-07-26T01:30:34.537523+09:00,2026-07-26,01:30:34,79,100,33,212,,webscorer,198,14
2026-07-25T17:02:08.127916+00:00,2026-07-26T02:02:08.127916+09:00,2026-07-26,02:02:08,79,100,33,212,,webscorer,198,14
2026-07-25T17:32:06.146579+00:00,2026-07-26T02:32:06.146579+09:00,2026-07-26,02:32:06,79,100,33,212,,webscorer,198,14
2026-07-25T18:01:50.923327+00:00,2026-07-26T03:01:50.923327+09:00,2026-07-26,03:01:50,79,100,33,212,,webscorer,198,14
2026-07-25T18:31:54.986810+00:00,2026-07-26T03:31:54.986810+09:00,2026-07-26,03:31:54,79,100,33,212,,webscorer,198,14
2026-07-25T19:02:16.527700+00:00,2026-07-26T04:02:16.527700+09:00,2026-07-26,04:02:16,79,100,33,212,,webscorer,198,14
2026-07-25T19:30:32.261545+00:00,2026-07-26T04:30:32.261545+09:00,2026-07-26,04:30:32,79,100,33,212,,webscorer,198,14
2026-07-25T20:00:41.770261+00:00,2026-07-26T05:00:41.770261+09:00,2026-07-26,05:00:41,79,100,33,212,,webscorer,198,14
2026-07-25T20:14:07.508932+00:00,2026-07-26T05:14:07.508932+09:00,2026-07-26,05:14:07,79,100,33,212,,webscorer,198,14
2026-07-25T20:31:51.611743+00:00,2026-07-26T05:31:51.611743+09:00,2026-07-26,05:31:51,79,100,33,212,,webscorer,198,14
2026-07-25T21:00:39.233452+00:00,2026-07-26T06:00:39.233452+09:00,2026-07-26,06:00:39,79,100,33,212,,webscorer,198,14
2026-07-25T21:30:40.399901+00:00,2026-07-26T06:30:40.399901+09:00,2026-07-26,06:30:40,79,100,33,212,,webscorer,198,14
2026-07-25T22:00:38.571080+00:00,2026-07-26T07:00:38.571080+09:00,2026-07-26,07:00:38,79,100,33,212,,webscorer,198,14
2026-07-25T22:32:02.364743+00:00,2026-07-26T07:32:02.364743+09:00,2026-07-26,07:32:02,79,100,33,212,,webscorer,198,14
2026-07-25T23:02:03.229886+00:00,2026-07-26T08:02:03.229886+09:00,2026-07-26,08:02:03,79,100,33,212,,webscorer,198,14
2026-07-25T23:32:15.797321+00:00,2026-07-26T08:32:15.797321+09:00,2026-07-26,08:32:15,79,100,33,212,,webscorer,198,14
2026-07-25T23:47:08.363823+00:00,2026-07-26T08:47:08.363823+09:00,2026-07-26,08:47:08,79,100,33,212,,webscorer,198,14
2026-07-26T00:00:41.718147+00:00,2026-07-26T09:00:41.718147+09:00,2026-07-26,09:00:41,79,100,33,212,,webscorer,198,14
2026-07-26T00:32:01.652447+00:00,2026-07-26T09:32:01.652447+09:00,2026-07-26,09:32:01,79,100,34,213,,webscorer,199,14
2026-07-26T01:02:00.197701+00:00,2026-07-26T10:02:00.197701+09:00,2026-07-26,10:02:00,79,100,34,213,,webscorer,199,14
2026-07-26T01:30:31.247743+00:00,2026-07-26T10:30:31.247743+09:00,2026-07-26,10:30:31,80,100,34,214,,webscorer,200,14
2026-07-26T02:00:38.576038+00:00,2026-07-26T11:00:38.576038+09:00,2026-07-26,11:00:38,80,100,34,214,,webscorer,200,14
2026-07-26T02:30:40.888895+00:00,2026-07-26T11:30:40.888895+09:00,2026-07-26,11:30:40,80,100,34,214,,webscorer,200,14
2026-07-26T03:00:41.362805+00:00,2026-07-26T12:00:41.362805+09:00,2026-07-26,12:00:41,80,100,34,214,,webscorer,200,14
2026-07-26T03:31:55.750109+00:00,2026-07-26T12:31:55.750109+09:00,2026-07-26,12:31:55,80,100,34,214,,webscorer,200,14
2026-07-26T04:02:28.378224+00:00,2026-07-26T13:02:28.378224+09:00,2026-07-26,13:02:28,80,100,34,214,,webscorer,200,14
2026-07-26T04:30:32.110075+00:00,2026-07-26T13:30:32.110075+09:00,2026-07-26,13:30:32,81,100,34,215,,webscorer,201,14
2026-07-26T05:02:00.652508+00:00,2026-07-26T14:02:00.652508+09:00,2026-07-26,14:02:00,81,100,34,215,,webscorer,201,14
2026-07-26T05:32:05.320295+00:00,2026-07-26T14:32:05.320295+09:00,2026-07-26,14:32:05,81,100,34,215,,webscorer,201,14
2026-07-26T06:00:36.363452+00:00,2026-07-26T15:00:36.363452+09:00,2026-07-26,15:00:36,81,100,34,215,,webscorer,201,14
2026-07-26T06:30:31.744539+00:00,2026-07-26T15:30:31.744539+09:00,2026-07-26,15:30:31,81,100,34,215,,webscorer,201,14
2026-07-26T07:01:52.840052+00:00,2026-07-26T16:01:52.840052+09:00,2026-07-26,16:01:52,81,100,35,216,,webscorer,202,14
2026-07-26T07:30:29.828450+00:00,2026-07-26T16:30:29.828450+09:00,2026-07-26,16:30:29,82,100,35,217,,webscorer,203,14
2026-07-26T08:00:37.049510+00:00,2026-07-26T17:00:37.049510+09:00,2026-07-26,17:00:37,82,100,35,217,,webscorer,203,14
2026-07-26T08:30:31.992968+00:00,2026-07-26T17:30:31.992968+09:00,2026-07-26,17:30:31,82,100,35,217,,webscorer,203,14
2026-07-26T09:01:40.761707+00:00,2026-07-26T18:01:40.761707+09:00,2026-07-26,18:01:40,82,100,35,217,,webscorer,203,14
2026-07-26T09:32:06.053982+00:00,2026-07-26T18:32:06.053982+09:00,2026-07-26,18:32:06,82,100,35,217,,webscorer,203,14
2026-07-26T10:03:37.343344+00:00,2026-07-26T19:03:37.343344+09:00,2026-07-26,19:03:37,83,100,35,218,,webscorer,204,14
2026-07-26T10:31:12.668580+00:00,2026-07-26T19:31:12.668580+09:00,2026-07-26,19:31:12,83,100,35,218,,webscorer,204,14
2026-07-26T11:00:38.736234+00:00,2026-07-26T20:00:38.736234+09:00,2026-07-26,20:00:38,83,100,35,218,,webscorer,204,14
2026-07-26T11:30:30.158757+00:00,2026-07-26T20:30:30.158757+09:00,2026-07-26,20:30:30,84,100,35,219,,webscorer,205,14
2026-07-26T12:00:39.457148+00:00,2026-07-26T21:00:39.457148+09:00,2026-07-26,21:00:39,84,100,35,219,,webscorer,205,14
2026-07-26T12:30:31.045840+00:00,2026-07-26T21:30:31.045840+09:00,2026-07-26,21:30:31,84,100,36,220,,webscorer,206,14
2026-07-26T12:44:34.665874+00:00,2026-07-26T21:44:34.665874+09:00,2026-07-26,21:44:34,84,100,36,220,,webscorer,206,14
2026-07-26T13:00:39.927296+00:00,2026-07-26T22:00:39.927296+09:00,2026-07-26,22:00:39,85,100,35,220,,webscorer,206,14
2026-07-26T13:30:31.554158+00:00,2026-07-26T22:30:31.554158+09:00,2026-07-26,22:30:31,86,100,35,221,,webscorer,207,14
2026-07-26T14:02:18.103473+00:00,2026-07-26T23:02:18.103473+09:00,2026-07-26,23:02:18,86,100,35,221,,webscorer,207,14
2026-07-26T14:30:32.055501+00:00,2026-07-26T23:30:32.055501+09:00,2026-07-26,23:30:32,86,100,35,221,,webscorer,207,14
2026-07-26T15:01:52.109258+00:00,2026-07-27T00:01:52.109258+09:00,2026-07-27,00:01:52,86,100,35,221,,webscorer,207,14
2026-07-26T15:32:28.697442+00:00,2026-07-27T00:32:28.697442+09:00,2026-07-27,00:32:28,86,100,35,221,,webscorer,207,14
2026-07-26T16:00:40.877873+00:00,2026-07-27T01:00:40.877873+09:00,2026-07-27,01:00:40,87,100,35,222,,webscorer,208,14
2026-07-26T16:30:32.201343+00:00,2026-07-27T01:30:32.201343+09:00,2026-07-27,01:30:32,87,100,35,222,,webscorer,208,14
2026-07-26T16:30:56.120561+00:00,2026-07-27T01:30:56.120561+09:00,2026-07-27,01:30:56,87,100,35,222,,webscorer,208,14
2026-07-26T17:00:39.074312+00:00,2026-07-27T02:00:39.074312+09:00,2026-07-27,02:00:39,87,100,35,222,,webscorer,208,14
2026-07-26T17:32:13.907931+00:00,2026-07-27T02:32:13.907931+09:00,2026-07-27,02:32:13,87,100,35,222,,webscorer,208,14
2026-07-26T18:01:59.697138+00:00,2026-07-27T03:01:59.697138+09:00,2026-07-27,03:01:59,87,100,35,222,,webscorer,208,14
2026-07-26T18:30:30.305824+00:00,2026-07-27T03:30:30.305824+09:00,2026-07-27,03:30:30,87,100,35,222,,webscorer,208,14
2026-07-26T19:00:38.718873+00:00,2026-07-27T04:00:38.718873+09:00,2026-07-27,04:00:38,87,100,35,222,,webscorer,208,14
2026-07-26T19:30:30.647906+00:00,2026-07-27T04:30:30.647906+09:00,2026-07-27,04:30:30,87,100,35,222,,webscorer,208,14
2026-07-26T20:02:30.183312+00:00,2026-07-27T05:02:30.183312+09:00,2026-07-27,05:02:30,87,100,35,222,,webscorer,208,14
2026-07-26T20:32:14.670227+00:00,2026-07-27T05:32:14.670227+09:00,2026-07-27,05:32:14,87,100,35,222,,webscorer,208,14
2026-07-26T21:02:08.726988+00:00,2026-07-27T06:02:08.726988+09:00,2026-07-27,06:02:08,86,100,36,222,,webscorer,208,14
2026-07-26T22:00:38.959333+00:00,2026-07-27T07:00:38.959333+09:00,2026-07-27,07:00:38,86,100,36,222,,webscorer,208,14
2026-07-26T22:32:07.101409+00:00,2026-07-27T07:32:07.101409+09:00,2026-07-27,07:32:07,86,100,36,222,,webscorer,208,14
2026-07-26T23:02:12.526237+00:00,2026-07-27T08:02:12.526237+09:00,2026-07-27,08:02:12,86,100,36,222,,webscorer,208,14
2026-07-26T23:30:30.460107+00:00,2026-07-27T08:30:30.460107+09:00,2026-07-27,08:30:30,87,100,36,223,,webscorer,209,14
2026-07-27T00:00:41.349488+00:00,2026-07-27T09:00:41.349488+09:00,2026-07-27,09:00:41,87,100,36,223,,webscorer,209,14
2026-07-27T00:32:34.799648+00:00,2026-07-27T09:32:34.799648+09:00,2026-07-27,09:32:34,87,100,36,223,,webscorer,209,14
2026-07-27T01:00:38.981976+00:00,2026-07-27T10:00:38.981976+09:00,2026-07-27,10:00:38,87,101,37,225,,webscorer,210,15
2026-07-27T01:30:31.324378+00:00,2026-07-27T10:30:31.324378+09:00,2026-07-27,10:30:31,87,101,38,226,,webscorer,211,15
2026-07-27T02:00:37.579587+00:00,2026-07-27T11:00:37.579587+09:00,2026-07-27,11:00:37,87,101,38,226,,webscorer,211,15
2026-07-27T02:31:55.146832+00:00,2026-07-27T11:31:55.146832+09:00,2026-07-27,11:31:55,87,101,38,226,,webscorer,211,15
2026-07-27T03:00:41.883953+00:00,2026-07-27T12:00:41.883953+09:00,2026-07-27,12:00:41,90,101,38,229,,webscorer,214,15
2026-07-27T03:30:30.678793+00:00,2026-07-27T12:30:30.678793+09:00,2026-07-27,12:30:30,90,101,38,229,,webscorer,214,15
2026-07-27T04:02:25.718874+00:00,2026-07-27T13:02:25.718874+09:00,2026-07-27,13:02:25,90,101,38,229,,webscorer,214,15
2026-07-27T04:32:05.335609+00:00,2026-07-27T13:32:05.335609+09:00,2026-07-27,13:32:05,91,101,38,230,,webscorer,215,15
2026-07-27T05:00:39.267557+00:00,2026-07-27T14:00:39.267557+09:00,2026-07-27,14:00:39,93,101,39,233,,webscorer,218,15
2026-07-27T05:32:01.533293+00:00,2026-07-27T14:32:01.533293+09:00,2026-07-27,14:32:01,94,101,39,234,,webscorer,219,15
2026-07-27T06:00:50.310851+00:00,2026-07-27T15:00:50.310851+09:00,2026-07-27,15:00:50,94,101,39,234,,webscorer,219,15
2026-07-27T06:30:44.749090+00:00,2026-07-27T15:30:44.749090+09:00,2026-07-27,15:30:44,96,101,40,237,,webscorer,222,15
2026-07-27T07:00:40.862376+00:00,2026-07-27T16:00:40.862376+09:00,2026-07-27,16:00:40,96,101,40,237,,webscorer,222,15
2026-07-27T07:30:32.402819+00:00,2026-07-27T16:30:32.402819+09:00,2026-07-27,16:30:32,96,101,41,238,,webscorer,223,15
2026-07-27T08:00:53.218103+00:00,2026-07-27T17:00:53.218103+09:00,2026-07-27,17:00:53,96,101,42,239,,webscorer,224,15
2026-07-27T08:30:36.510749+00:00,2026-07-27T17:30:36.510749+09:00,2026-07-27,17:30:36,96,101,43,240,,webscorer,225,15
2026-07-27T09:00:41.961083+00:00,2026-07-27T18:00:41.961083+09:00,2026-07-27,18:00:41,98,101,43,242,,webscorer,227,15
2026-07-27T09:30:30.395161+00:00,2026-07-27T18:30:30.395161+09:00,2026-07-27,18:30:30,98,101,43,242,,webscorer,227,15
2026-07-27T10:00:40.154977+00:00,2026-07-27T19:00:40.154977+09:00,2026-07-27,19:00:40,97,101,44,242,,webscorer,227,15
2026-07-27T10:30:33.048618+00:00,2026-07-27T19:30:33.048618+09:00,2026-07-27,19:30:33,97,101,44,242,,webscorer,227,15
2026-07-27T10:51:34.081389+00:00,2026-07-27T19:51:34.081389+09:00,2026-07-27,19:51:34,97,101,44,242,,webscorer,227,15
2026-07-27T11:00:41.824019+00:00,2026-07-27T20:00:41.824019+09:00,2026-07-27,20:00:41,97,101,44,242,,webscorer,227,15
2026-07-27T11:30:34.287670+00:00,2026-07-27T20:30:34.287670+09:00,2026-07-27,20:30:34,101,101,44,246,,webscorer,231,15
2026-07-27T12:00:41.903382+00:00,2026-07-27T21:00:41.903382+09:00,2026-07-27,21:00:41,102,101,45,248,,webscorer,233,15
2026-07-27T12:30:38.080574+00:00,2026-07-27T21:30:38.080574+09:00,2026-07-27,21:30:38,102,101,45,248,,webscorer,233,15
